HULL NO.,SHIP'S NAME,COMPANY,COUNTRY,DWT DATE,CLASS,DIMENSIONS (LBP×B×D×d),LBP,B,D,d,MAIN ENGINE,SPEED (KT),DELIVERY
H7301,ATLANTIC BARON,SUN ENTERPRISES LTD.(LIVANOS),GREECE,260000,LR,329.18/51.81/26.51/20.62M,,,,,STALLAVAL TURBINE,15.25,74. 11. 27
H7303,PAN ASIA COURAGE,KAWASAKI KISEN KAISHA LTD.,JAPAN,230000,NK,305.00/53.00/25.30/19.62M,,,,,KAWASAKI TURBINE,16.8,75. 05. 31
H7304,ALTHEA,JAPAN LINE LTD.,JAPAN,230000,NK,305.00/53.00/25.30/19.62M,,,,,KAWASAKI TURBINE,16.8,75. 09. 25
H7305,LOTUS,KAWASAKI KISEN KAISHA LTD.,JAPAN,230000,NK,305.00/53.00/25.30/19.62M,,,,,KAWASAKI TURBINE,16.8,75. 10. 25
H7306,FAIRFIELD SUNRISE,JAPAN LINE LTD.,JAPAN,230000,NK,305.00/53.00/25.30/19.62M,,,,,KAWASAKI TURBINE,16.8,76. 01. 22
H7307,WORLD HERITAGE,"WORLD WIDE SHIPPING CO., LTD.",HONG KONG,260000,NK,329.18/51.81/26.51/20.62M,,,,,KAWASAKI TURBINE,15.73,76. 04. 26
H7309,WORLD DYNASTY,"WORLD WIDE SHIPPING CO., LTD.",HONG KONG,260000,NK,329.18/51.81/26.51/20.62M,,,,,KAWASAKI TURBINE,15.73,76. 05. 20
H7302,KOREA SUN,"HYUNDAI MERCHANT MARINE CO., LTD.",KOREA,260000,LR,329.18/51.81/26.51/20.62M,,,,,STALLAVAL TURBINE,15.25,76. 08. 31
H7308,KOREA STAR,"HYUNDAI MERCHANT MARINE CO., LTD.",KOREA,260000,LR+KR,329.18/51.81/26.51/20.62M,,,,,UA-360 TURBINE,15.8,76. 11. 23
H7310,KOREA BANNER,"HYUNDAI MERCHANT MARINE CO., LTD.",KOREA,260000,LR+KR,329.18/51.81/26.51/20.62M,,,,,UA-360 TURBINE,15.8,76. 12. 17
H7412,CATTLEYA,JAPAN LINE LTD.,JAPAN,260000,LR,329.18/51.81/26.51/20.62M,,,,,GENERAL ELECTRIC TURBINE,15.8,77. 03. 30
H7411,SAFFRON,JAPAN LINE LTD.,JAPAN,260000,LR,329.18/51.81/26.51/20.62M,,,,,GENERAL ELECTRIC TURBINE,15.8,78. 08. 03
H134,MARINA,SUN ENTERPRISES LTD.(LIVANOS),GREECE,80000,ABS,224.00/42.00/18.60/12.20M,,,,,HYUNDAI-SULZER 7RND76M,14.9,80. 12. 14
H127,VESTA,OVERSEAS SHIPHOLDING GROUP INC.,U.S.A.,80000,ABS,224.00/42.00/18.60/12.20M,,,,,SULZER 7RND76,14.7,80. 12. 19
H128,VENUS V.,OVERSEAS SHIPHOLDING GROUP INC.,U.S.A.,80000,ABS,224.00/42.00/18.60/12.20M,,,,,SULZER 7RND76,14.7,81. 01. 20
H274,MAJOR SOMNATH SHARMA PVC,SHIPPING CORPORATION OF INDIA,INDIA,62500,LR,219.00/32.20/18.70/12.80M,,,,,HYUNDAI-SULZER 7RTA58(R4),13,84. 06. 11
H275,LANCE NAIK KARAM SINGH PVC,SHIPPING CORPORATION OF INDIA,INDIA,62500,DNV,219.00/32.20/18.70/12.80M,,,,,HYUNDAI-SULZER 7RTA58(R4),13,84. 07. 30
H276,LIEUTENANT RAMA RAGHOBA RANE PVC,SHIPPING CORPORATION OF INDIA,INDIA,62500,LR,219.00/32.20/18.70/12.80M,,,,,HYUNDAI-SULZER 7RTA58(R4),13,84. 08. 08
H277,NAIK JADUNATH SINGH PVC,SHIPPING CORPORATION OF INDIA,INDIA,62500,DNV,219.00/32.20/18.70/12.80M,,,,,HYUNDAI-SULZER 7RTA58(R4),13,84. 09. 21
H278,COMPANY HAVILDAR MAJOR PIRU SINGH PVC,SHIPPING CORPORATION OF INDIA,INDIA,62500,LR,219.00/32.20/18.70/12.80M,,,,,HYUNDAI-SULZER 7RTA58(R4),13,84. 10. 12
H279,CAPTAIN GURBACHAN SINGH SALARIA PVC,SHIPPING CORPORATION OF INDIA,INDIA,62500,DNV,219.00/32.20/18.70/12.80M,,,,,HYUNDAI-SULZER 7RTA58(R4),13,84. 10. 26
H280,MAJOR DHAN SINGH THAPA PVC,SHIPPING CORPORATION OF INDIA,INDIA,62500,LR,219.00/32.20/18.70/12.80M,,,,,HYUNDAI-SULZER 7RTA58(R4),13,84. 11. 13
H281,SUBEDAR JOGINDER SINGH PVC,SHIPPING CORPORATION OF INDIA,INDIA,62500,DNV,219.00/32.20/18.70/12.80M,,,,,HYUNDAI-SULZER 7RTA58(R4),13,84. 12. 10
H311,MAJOR SHAITAN SINGH PVC,SHIPPING CORPORATION OF INDIA,INDIA,62500,LR,219.00/32.20/18.70/12.80M,,,,,HYUNDAI-SULZER 7RTA58(R4),13,85. 06. 14
H312,HAVILDAR ABDUL HAMID PVC,SHIPPING CORPORATION OF INDIA,INDIA,62500,LR,219.00/32.20/18.70/12.80M,,,,,HYUNDAI-SULZER 7RTA58(R4),13,85. 07. 29
H313,COLONEL ARDESHIR BURZORJI TARAPORE PVC,SHIPPING CORPORATION OF INDIA,INDIA,62500,LR,219.00/32.20/18.70/12.80M,,,,,HYUNDAI-SULZER 7RTA58(R4),13,85. 09. 04
H349,GOLDEN FLEECE,ARGONAUT AB,SWEDEN,88900,LR,236.00/42.00/19.20/13.60M,,,,,HYUNDAI-B&W 6L70MCE,14.45,85. 12. 11
H351,FORTUNE,PARTREDERIET,SWEDEN,88900,LR,236.00/42.00/19.20/13.60M,,,,,HYUNDAI-B&W 6L70MCE,14.45,86. 01. 14
H350,FRIENDSHIP VENTURE,DIAMOND CARRIERS INC.,LIBERIA,88900,LR,236.00/42.00/19.20/13.60M,,,,,HYUNDAI-B&W 6L70MCE,14.45,86. 06. 30
H452,HONAM DIAMOND,AMBER SHIPHOLDING S.A.,PANAMA,125000,ABS,238.00/45.00/23.35/17.40M,,,,,HYUNDAI-B&W 6S70MCE,14,87. 07. 02
H454,NEPTUNE PHOENIX,NEPTUNE ORIENT LINES LTD.,SINGAPORE,104300,LR,226.00/42.60/20.10/14.85M,,,,,HYUNDAI-B&W 5L70MCE,13.5,87. 12. 10
H455,NEPTUNE PISCES,NEPTUNE ORIENT LINES LTD.,SINGAPORE,104300,LR,226.00/42.60/20.10/14.85M,,,,,HYUNDAI-B&W 5L70MCE,13.5,87. 12. 23
H473,FRONTIER SPIRIT,"TEEKAY SHIPPING CO., INC.",U.S.A.,114200,LR,234.00/42.67/21.50/15.60M,,,,,HYUNDAI-B&W 6S60MCE,14.5,88. 01. 04
H474,PIONEER SPIRIT,"TEEKAY SHIPPING CO., INC.",U.S.A.,114200,LR,234.00/42.67/21.50/15.60M,,,,,HYUNDAI-B&W 6S60MCE,14.5,88. 02. 08
H475,PACIFIC SPIRIT,"TEEKAY SHIPPING CO., INC.",U.S.A.,114200,LR,234.00/42.67/21.50/15.60M,,,,,HYUNDAI-B&W 6S60MCE,14.5,88. 03. 11
H476,NAMSAN SPIRIT,"TEEKAY SHIPPING CO., INC.",U.S.A.,114200,LR,234.00/42.67/21.50/15.60M,,,,,HYUNDAI-B&W 6S60MCE,14.5,88. 04. 11
H493,YUKONG FRONTIER,GALAXY WORLD MARITIME S.A.,PANAMA,254000,ABS+KR,310.00/56.00/29.50/19.80M,,,,,HYUNDAI-B&W 6S80MC,14,88. 06. 28
H468,FINA EUROPE,OLIVE SHIPHOLDING S.A.,PANAMA,254000,ABS,310.00/56.00/29.50/19.80M,,,,,HYUNDAI-B&W 6L90MCE,14,88. 10. 14
H480,WORLD PRELUDE,WORLD WIDE SHIPPING AGENCY LTD.,HONG KONG,254000,LR,310.00/56.00/29.50/20.45M,,,,,HYUNDAI-B&W 6S80MC,14.8,88. 10. 20
H485,PACIFIC TOWER,SAVANA SHIPPING CO.,PANAMA,240000,NK,305.00/58.00/28.80/18.50M,,,,,HYUNDAI-B&W 6S80MC,14,88. 10. 21
H494,YUKONG COMMANDER,GALAXY WORLD MARITIME S.A.,PANAMA,254000,ABS+KR,310.00/56.00/29.50/19.80M,,,,,HYUNDAI-B&W 6S80MC,14,88. 11. 22
H498,WORLD PRINCE,WORLD WIDE SHIPPING AGENCY LTD.,HONG KONG,254000,LR,310.00/56.00/29.50/20.45M,,,,,HYUNDAI-B&W 6S80MC,14,88. 11. 30
H606,NICOLINE MAERSK,A.P. MOLLER,DENMARK,254000,LR,310.00/56.00/29.50/20.45M,,,,,HYUNDAI-B&W 6S80MC,14.7,89. 01. 31
H469,FINA SAMCO,HANSON CORPORATION,BAHAMAS,254000,ABS,310.00/56.00/29.50/19.80M,,,,,HYUNDAI-B&W 6L90MCE,14,89. 06. 14
H607,NIELS MAERSK,A.P. MOLLER,DENMARK,254000,LR,310.00/56.00/29.50/20.45M,,,,,HYUNDAI-B&W 6S80MC,14.7,89. 06. 27
H623,MAERSK NAUTILUS,A.P. MOLLER,DENMARK,254000,LR,310.00/56.00/29.50/20.45M,,,,,HYUNDAI-B&W 6S80MC,14.7,89. 10. 16
H499,WORLD PENDANT,WORLD WIDE SHIPPING AGENCY LTD.,HONG KONG,254000,LR,310.00/56.00/29.50/20.45M,,,,,HYUNDAI-B&W 6S80MC,14.8,89. 11. 06
H620,MATILDE,OVERSEAS SHIPHOLDING GROUP INC.,U.S.A.,147500,LR,258.00/43.20/24.90/17.50M,,,,,HYUNDAI-B&W 6S70MC,14,89. 11. 28
H621,ANIA,OVERSEAS SHIPHOLDING GROUP INC.,U.S.A.,147500,LR,258.00/43.20/24.90/17.50M,,,,,HYUNDAI-B&W 6S70MC,14,89. 11. 30
H624,MAERSK NAVIGATOR,A.P. MOLLER,DENMARK,254000,LR,310.00/56.00/29.50/20.45M,,,,,HYUNDAI-B&W 6S80MC,14.7,89. 12. 15
H644,ULSAN SPIRIT,"TEEKAY SHIPPING CO., INC",U.S.A.,114200,LR,234.00/42.67/21.50/15.60M,,,,,HYUNDAI-B&W 6S60MC,14,90. 01. 15
H495,YUKONG VOYAGER,GAZELLE WORLD MARITIME S.A.,PANAMA,254000,ABS+KR,310.00/56.00/29.50/19.80M,,,,,HYUNDAI-B&W 6S80MC,14,90. 03. 02
H645,SHILLA SPIRIT,"TEEKAY SHIPPING CO., INC",U.S.A.,114200,LR,234.00/42.67/21.50/15.60M,,,,,HYUNDAI-B&W 6S60MC,14,90. 04. 30
H698,SEA LORD,"SEATANKERS MANAGEMENT CO., LTD.",CYPRUS,281000,DNV,316.00/56.00/31.40/21.60M,,,,,HYUNDAI-B&W 6S80MC,13.8,91. 03. 08
H699,SEA LADY,"SEATANKERS MANAGEMENT CO., LTD.",CYPRUS,281000,DNV,316.00/56.00/31.40/21.60M,,,,,HYUNDAI-B&W 6S80MC,13.8,91. 06. 04
H720,TROMSO CONFIDENCE,TROMSO TANKERS INT. A/S INC.,LIBERIA,152750,DNV,264.00/43.90/24.40/17.50M,,,,,HYUNDAI-B&W 6S70MC,14.5,91. 06. 17
H721,TROMSO RELIANCE,TROMSO TANKERS INT. A/S INC.,LIBERIA,152750,DNV,264.00/43.90/24.40/17.50M,,,,,HYUNDAI-B&W 6S70MC,14.5,91. 07. 23
H722,TROMSO FIDELITY,TROMSO TANKERS INT. A/S INC.,LIBERIA,152750,DNV,264.00/43.90/24.40/17.50M,,,,,HYUNDAI-B&W 6S70MC,14.5,91. 07. 23
H733,SEA HIGHNESS,"SEATANKERS MANAGEMENT CO., LTD.",CYPRUS,281000,DNV,316.00/56.00/31.40/21.60M,,,,,HYUNDAI-B&W 6S80MC,13.8,91. 07. 31
H723,TROMSO TRUST,TROMSO TANKERS INT. A/S INC.,LIBERIA,152750,DNV,264.00/43.90/24.40/17.50M,,,,,HYUNDAI-B&W 6S70MC,14.5,91. 08. 27
H724,TROMSO SPIRIT,TROMSO TANKERS INT. A/S INC.,LIBERIA,152750,DNV,264.00/43.90/24.40/17.50M,,,,,HYUNDAI-B&W 6S70MC,14.5,91. 09. 27
H725,TROMSO ENDEAVOUR,TROMSO TANKERS INT. A/S INC.,LIBERIA,152750,DNV,264.00/43.90/24.40/17.50M,,,,,HYUNDAI-B&W 6S70MC,14.5,91. 10. 21
H726,TROMSO TRADER,TROMSO TANKERS INT. A/S INC.,LIBERIA,152750,DNV,264.00/43.90/24.40/17.50M,,,,,HYUNDAI-B&W 6S70MC,14.5,91. 11. 27
H741,AL-AWDAH,KUWAIT OIL TANKER CO.,KUWAIT,281000,DNV,310.00/56.00/31.40/21.60M,,,,,HYUNDAI-B&W 6S80MC,14,91. 12. 20
H727,TROMSO CHALLENGER,TROMSO TANKERS INT. A/S INC.,LIBERIA,152750,DNV,264.00/43.90/24.40/17.50M,,,,,HYUNDAI-B&W 6S70MC,14.5,92. 01. 24
H728,TROMSO CHAMPION,TROMSO TANKERS INT. A/S INC.,LIBERIA,152750,DNV,264.00/43.90/24.40/17.50M,,,,,HYUNDAI-B&W 6S70MC,14.5,92. 02. 28
H729,TROMSO BRILLIANCE,TROMSO TANKERS INT. A/S INC.,LIBERIA,152750,DNV,264.00/43.90/24.40/17.50M,,,,,HYUNDAI-B&W 6S70MC,14.5,92. 04. 16
H749,AL TAHREER,KUWAIT OIL TANKER CO.,KUWAIT,281000,DNV,310.00/56.00/31.40/21.60M,,,,,HYUNDAI-B&W 6S80MC,14,92. 05. 25
H745,SEA DUKE,"SEATANKERS MANAGEMENT CO., LTD.",CYPRUS,281000,DNV,316.00/56.00/31.40/21.60M,,,,,HYUNDAI-B&W 7S80MC,15,92. 05. 29
H790,ZEUS,VENFLEET LTD.,BERMUDA,86000,ABS,235.00/45.64/18.40/12.95M,,,,,HYUNDAI-B&W 6S70MC,16,92. 11. 30
H791,PROTEO,VENFLEET LTD.,BERMUDA,86000,ABS,235.00/45.64/18.40/12.95M,,,,,HYUNDAI-B&W 6S70MC,16,93. 01. 29
H792,ICARO,VENFLEET LTD.,BERMUDA,86000,ABS,235.00/45.64/18.40/12.95M,,,,,HYUNDAI-B&W 6S70MC,16,93. 03. 25
H801,DUCHESS,"SEATANKERS MANAGEMENT CO., LTD.",CYPRUS,281000,DNV,316.00/56.00/31.40/21.60M,,,,,HYUNDAI-B&W 6S80MC,14,93. 05. 05
H793,PARNASO,VENFLEET LTD.,BERMUDA,86000,ABS,235.00/45.64/18.40/12.95M,,,,,HYUNDAI-B&W 6S70MC,16,93. 05. 12
H803,CHIOS,SUN ENTERPRISES LTD.,GREECE,280000,ABS,314.00/58.00/31.00/22.20M,,,,,HYUNDAI-B&W 7S80MC,14.9,93. 05. 26
H794,TESEO,VENFLEET LTD.,BERMUDA,86000,ABS,235.00/45.64/18.40/12.95M,,,,,HYUNDAI-B&W 6S70MC,16,93. 07. 08
H810,NEW WISDOM,NEW WISDOM TRANSPORT INC.,LIBERIA,280000,ABS,317.00/59.00/31.50/22.00M,,,,,HYUNDAI-B&W 7S80MC,15.3,93. 09. 15
H795,EOS,VENFLEET LTD.,BERMUDA,86000,ABS,235.00/45.64/18.40/12.95M,,,,,HYUNDAI-B&W 6S70MC,16,93. 10. 12
H796,NEREO,VENFLEET LTD.,BERMUDA,86000,ABS,235.00/45.64/18.40/12.95M,,,,,HYUNDAI-B&W 6S70MC,16,93. 11. 30
H841,MIRFAK STAR,VELA INTERNATIONAL MARINE LTD.,SAUDI ARABIA,300000,LR,318.00/58.00/31.50/22.20M,,,,,HYUNDAI-B&W 7S80MC,14.6,94. 01. 31
H797,HERO,VENFLEET LTD.,BERMUDA,86000,ABS,235.00/45.64/18.40/12.95M,,,,,HYUNDAI-B&W 6S70MC,16,94. 02. 01
H805,REBECCA,OVERSEAS SHIPHOLDING GROUP INC.,U.S.A.,95000,ABS,234.00/42.00/19.50/13.60M,,,,,HYUNDAI-B&W 5S70MC,14.5,94. 03. 10
H842,HAMAL STAR,VELA INTERNATIONAL MARINE LTD.,SAUDI ARABIA,300000,LR,318.00/58.00/31.50/22.20M,,,,,HYUNDAI-B&W 7S80MC,14.6,94. 03. 15
H811,NEW VISION,NEW VISION TRANSPORT INC.,LIBERIA,280000,ABS,317.00/59.00/31.50/22.00M,,,,,HYUNDAI-B&W 7S80MC,15.3,94. 04. 11
H843,SHAULA STAR,VELA INTERNATIONAL MARINE LTD.,SAUDI ARABIA,300000,LR,318.00/58.00/31.50/22.20M,,,,,HYUNDAI-B&W 7S80MC,14.6,94. 05. 03
H806,BERYL,OVERSEAS SHIPHOLDING GROUP INC.,U.S.A.,95000,ABS,234.00/42.00/19.50/13.60M,,,,,HYUNDAI-B&W 5S70MC,14.5,94. 05. 31
H823,POLARIS STAR,VELA INTERNATIONAL MARINE LTD.,SAUDI ARABIA,300000,LR,318.00/58.00/31.50/22.20M,,,,,HYUNDAI-B&W 7S80MC,14.6,94. 07. 20
H807,ELIANE,OVERSEAS SHIPHOLDING GROUP INC.,U.S.A.,95000,ABS,234.00/42.00/19.50/13.60M,,,,,HYUNDAI-B&W 5S70MC,14.5,94. 09. 14
H824,MARKAB STAR,VELA INTERNATIONAL MARINE LTD.,SAUDI ARABIA,300000,LR,318.00/58.00/31.50/22.20M,,,,,HYUNDAI-B&W 7S80MC,14.6,94. 11. 09
H808,ANIA,OVERSEAS SHIPHOLDING GROUP INC.,U.S.A.,95000,ABS,234.00/42.00/19.50/13.60M,,,,,HYUNDAI-B&W 5S70MC,14.5,94. 12. 15
H825,PHERKAD STAR,VELA INTERNATIONAL MARINE LTD.,SAUDI ARABIA,300000,LR,318.00/58.00/31.50/22.20M,,,,,HYUNDAI-B&W 7S80MC,14.6,95. 01. 04
H868,MAHARAJA AGRASEN,SHIPPING CORPORATION OF INDIA,INDIA,140000,ABS,264.00/46.00/23.60/16.60M,,,,,HYUNDAI-B&W 5S70MC,14,95. 01. 25
H869,GURU GOBIND SINGH,SHIPPING CORPORATION OF INDIA,INDIA,140000,ABS,264.00/46.00/23.60/16.60M,,,,,HYUNDAI-B&W 5S70MC,14,95. 05. 03
H894,VENESSA,SMEDVIG TANKSHIP LTD.,BERMUDA,95000,DNV,234.00/42.00/19.50/13.60M,,,,,HYUNDAI-B&W 5S70MC,15,95. 06. 28
H895,VENTINA,SMEDVIG TANKSHIP LTD.,BERMUDA,95000,DNV,234.00/42.00/19.50/13.60M,,,,,HYUNDAI-B&W 5S70MC,15,95. 08. 24
H896,VENDONNA,SMEDVIG TANKSHIP LTD.,BERMUDA,95000,DNV,234.00/42.00/19.50/13.60M,,,,,HYUNDAI-B&W 5S70MC,15,95. 11. 06
H907,HYUNDAI STAR,"HYUNDAI MERCHANT MARINE CO., LTD.",KOREA,281000,LR+KR,314.00/58.00/30.00/21.80M,,,,,HYUNDAI-SULZER 7RTA84T,15,95. 12. 08
H905,CROWN UNITY,OVERSEAS SHIPHOLDING GROUP INC.,U.S.A.,300000,LR,314.00/58.00/31.00/22.20M,,,,,HYUNDAI-B&W 7S80MC,14.5,96. 01. 05
H906,MAJESTIC UNITY,OVERSEAS SHIPHOLDING GROUP INC.,U.S.A.,300000,LR,314.00/58.00/31.00/22.20M,,,,,HYUNDAI-B&W 7S80MC,14.5,96. 01. 15
H953,ORIENTAL OPAL,"HOYU TANKER CO., LTD.",KOREA,135000,DNV+KR,260.00/46.00/23.30/16.50M,,,,,HYUNDAI-B&W 6S70MC,15.05,96. 04. 02
H908,HYUNDAI BANNER,"HYUNDAI MERCHANT MARINE CO., LTD.",KOREA,281000,LR+KR,314.00/58.00/30.30/21.80M,,,,,HYUNDAI-SULZER 7RTA84T,15.1,96. 05. 30
H951,ORIENTAL RUBY,"HOYU TANKER CO., LTD.",KOREA,280000,ABS+KR,314.00/58.00/31.00/22.20M,,,,,HYUNDAI-B&W 7S80MC,15,96. 07. 26
H946,EQUATORIAL LION,OVERSEAS SHIPHOLDING GROUP INC.,U.S.A.,274000,LR,314.00/58.00/31.00/22.20M,,,,,HYUNDAI-B&W 7S80MC,15.08,97. 01. 06
H947,MERIDIAN LION,OVERSEAS SHIPHOLDING GROUP INC.,U.S.A.,274000,LR,314.00/58.00/31.00/22.20M,,,,,HYUNDAI-B&W 7S80MC,15.08,97. 03. 31
H995,BUNGA KELANA SATU,MALAYSIA INTERNATIONAL SHIPPING CORP.,MALAYSIA,105000,ABS,234.00/42.00/21.00/14.90M,,,,,HYUNDAI-B&W 6S60MC,14.5,97. 03. 31
H983,ALDAWHA,AMPTC,KUWAIT,153000,DNV,258.00/46.00/24.40/17.50M,,,,,HYUNDAI-B&W 6S70MC,15.18,97. 04. 28
H996,BUNGA KELANA DUA,MALAYSIA INTERNATIONAL SHIPPING CORP.,MALAYSIA,105000,ABS,234.00/42.00/21.00/14.90M,,,,,HYUNDAI-B&W 6S60MC,14.5,97. 05. 30
1053,UNIVERSAL BRAVE,"HYUNDAI MERCHANT MARINE CO., LTD.",KOREA,301000,ABS+KR,314.00/58.00/31.00/22.20M,,,,,HYUNDAI-B&W 7S80MC,15,97. 09. 22
1051,ARDENNE,EURONAV LUXEMBOURG S.A.,LUXEMBOURG,153000,DNV,258.00/46.00/24.40/17.50M,,,,,HYUNDAI-B&W 6S70MC,15.9,97. 09. 30
1054,UNIVERSAL PRIME,"HYUNDAI MERCHANT MARINE CO., LTD.",KOREA,301000,ABS+KR,314.00/58.00/31.00/22.20M,,,,,HYUNDAI-B&W 7S80MC,15,97. 11. 14
1052,BRABANT,EURONAV LUXEMBOURG S.A.,PANAMA,153000,DNV,258.00/46.00/24.40/17.50M,,,,,HYUNDAI-B&W 6S70MC,15.9,98. 01. 17
1061,HYUNDAI SUN,"HYUNDAI MERCHANT MARINE CO., LTD.",KOREA,301000,ABS+KR,314.00/58.00/31.00/22.20M,,,,,HYUNDAI-B&W 7S80MC,15.5,98. 03. 06
1089,AL-SALHEIA,KUWAIT OIL TANKER CO.,KUWAIT,309000,LR,320.00/58.00/31.00/22.70M,,,,,HYUNDAI-SULZER 7RTA84T,15.7,98. 05. 08
1078,FRONT FIGHTER,FRONTLINE LTD.,BERMUDA,153000,DNV,258.00/46.00/24.40/17.50M,,,,,HYUNDAI-B&W 6S70MC,15,98. 05. 28
1079,FRONT HUNTER,FRONTLINE LTD.,BERMUDA,153000,DNV,258.00/46.00/24.40/17.50M,,,,,HYUNDAI-B&W 6S70MC,15,98. 07. 01
1090,AL-SHEGAYA,KUWAIT OIL TANKER CO.,KUWAIT,309000,LR,320.00/58.00/31.00/22.70M,,,,,HYUNDAI-SULZER 7RTA84T,15.7,98. 07. 03
1087,FRONT WARRIOR,FRONTLINE LTD.,BERMUDA,153000,DNV,258.00/46.00/24.40/17.50M,,,,,HYUNDAI-B&W 6S70MC,15,98. 07. 14
1106,FRONT CENTURY,FRONTLINE LTD.,BERMUDA,308000,LR,320.00/58.00/31.00/22.70M,,,,,HYUNDAI-B&W 7S80MC,15.6,98. 07. 23
1116,NORDASIA,NORDEN A/S,DENMARK,105000,ABS,234.00/42.00/21.00/14.90M,,,,,HYUNDAI-B&W 6S60MC(V),14.5,98. 08. 28
1062,MILLENNIUM,TSAKOS SHIPPING,GREECE,301000,ABS+KR,314.00/58.00/31.00/22.20M,,,,,HYUNDAI-B&W 7S80MC,15.5,98. 09. 22
1117,BUNGA KELANA 3,MALAYSIA INTERNATIONAL SHIPPING CORP.,MALAYSIA,105000,ABS,234.00/42.00/21.00/14.90M,,,,,HYUNDAI-B&W 6S60MC,14.5,98. 10. 29
1107,FRONT CHAMPION,FRONTLINE LTD.,BERMUDA,308000,LR,320.00/58.00/31.00/22.70M,,,,,HYUNDAI-B&W 7S80MC,15.6,98. 12. 18
1127,FRONT CHIEF,FRONTLINE LTD.,BERMUDA,308000,DNV,320.00/58.00/31.00/22.70M,,,,,HYUNDAI-B&W 7S80MC,15.6,99. 01. 05
1118,BUNGA KELANA 4,MALAYSIA INTERNATIONL SHIPPING CORP.,MALAYSIA,105000,ABS,234.00/42.00/21.00/13.60M,,,,,HYUNDAI-B&W 6S60MC,14.5,99. 01. 06
1114,CHRISTINA,SUN ENTERPRISES LTD. (LIVANOS),GREECE,308000,ABS,320.00/58.00/31.00/22.70M,,,,,HYUNDAI-SULZER 7RTA84T,15.65,99. 02. 12
1128,COTOPAXI,FLOTA PETROLERA ECUATORIANA,ECUADOR,65000,ABS,219.00/32.20/17.85/12.95M,,,,,HYUNDAI-B&W 5S60MC,14.5,99. 02. 23
1125,KNOCK WHILLAN,FIRST OLSEN TANKERS LTD.,BERMUDA,153000,DNV,264.00/50.00/23.30/16.00M,,,,,HYUNDAI-B&W 6S60MC,14.4,99. 03. 18
1119,BUNGA KELANA 5,MALAYSIA INTERNATIONAL SHIPPING CORP.,MALAYSIA,105000,ABS,234.00/42.00/21.00/13.60M,,,,,HYUNDAI-B&W 6S60MC,14.5,99. 03. 31
1126,KNOCK SALLIE,FIRST OLSEN TANKERS LTD.,BERMUDA,153000,DNV,264.00/50.00/23.30/16.00M,,,,,HYUNDAI-B&W 6S60MC,14.4,99. 04. 30
1120,BUNGA KELANA 6,MALAYSIA INTERNATIONAL SHIPPING CORP.,MALAYSIA,105000,ABS,234.00/42.00/21.00/13.60M,,,,,HYUNDAI-B&W 6S60MC,14.5,99. 06. 12
1150,FRONT COMMANDER,FRONTLINE LTD.,BERMUDA,308000,DNV,320.00/58.00/31.00/22.70M,,,,,HYUNDAI-B&W 7S80MC,15.6,99. 07. 01
1163,ELISABETH MAERSK,A. P. MOLLER,DENMARK,308000,LR,319.10/58.00/31.00/22.70M,,,,,HYUNDAI-SULZER 7RTA84T,16.4,99. 07. 09
1161,FRONT CROWN,FRONTLINE LTD.,BERMUDA,308000,DNV,320.00/58.00/31.00/22.70M,,,,,HYUNDAI-B&W 7S80MC,15.6,99. 09. 08
1129,CHIMBORAZO,FLOTA PETROLERA ECUATORIANA,ECUADOR,65000,ABS,219.00/32.20/17.85/12.95M,,,,,HYUNDAI-B&W 5S60MC,14.5,99. 09. 20
1177,RAS LAFFAN,MOBIL SHIPPING AND TRANSPORTATION CO.,U.S.A.,105000,ABS,234.00/42.00/21.00/14.90M,,,,,HYUNDAI-B&W 6S60MC,15.4,99. 10. 11
1203,AMAZON GUARDIAN,SUN ENTERPRISES LTD. (LIVANOS),GREECE,73000,LR,218.00/40.00/17.60/12.00M,,,,,HYUNDAI-B&W 6S60MC,15,99. 10. 18
1164,EMILIE MAERSK,A. P. MOLLER,DENMARK,308000,LR,319.10/58.00/31.00/22.70M,,,,,HYUNDAI-SULZER 7RTA84T,16.4,99. 10. 26
1178,VALIANT,MOBIL SHIPPING AND TRANSPORTATION CO.,U.S.A.,105000,ABS,234.00/42.00/21.00/14.90M,,,,,HYUNDAI-B&W 6S60MC,15.4,99. 12. 01
1188,BARENTS SEA,TANKER PACIFIC MANAGEMENT (SGP) LTD.,SINGAPORE,105000,DNV,238.00/43.00/20.20/14.20M,,,,,HYUNDAI-B&W 7S60MC,15.1,00. 01. 04
1165,ELLEN MAERSK,A. P. MOLLER,DENMARK,308000,LR,319.10/58.00/31.00/22.70M,,,,,HYUNDAI-SULZER 7RTA84T,16.4,00. 01. 07
1181,FRONT SKY,FRONTLINE LTD.,BERMUDE,153000,DNV,258.00/46.00/24.40/17.50M,,,,,HYUNDAI-B&W 6S70MC,15,00. 02. 10
1179,CRUDE DIO,TRANSPETROL SERVICE N.V.,BELGIUM,153000,DNV,264.00/46.00/23.10/17.05M,,,,,HYUNDAI-B&W 6S70MC-C,15.7,00. 02. 14
1172,FRONT ARCHER,FRONTLINE LTD.,BERMUDA,153000,DNV,258.00/46.00/24.40/17.50M,,,,,HYUNDAI-B&W 6S70MC,15,00. 02. 15
1166,ELSE MAERSK,A. P. MOLLER,DENMARK,308000,LR,319.10/58.00/31.00/22.70M,,,,,HYUNDAI-SULZER 7RTA84T,16.4,00. 02. 28
1189,ARAFURA SEA,TANKER PACIFIC MANAGEMENT (SGP) LTD.,SINGAPORE,105000,DNV,238.00/43.00/20.20/14.20M,,,,,HYUNDAI-B&W 7S60MC,15.1,00. 03. 13
1225,RAPHAEL,OVERSEAS SHIPHOLDING GROUP INC.,U.S.A.,309000,LR,320.00/58.00/31.00/22.70M,,,,,HYUNDAI-B&W 7S80MC,15.2,00. 03. 15
1173,LOIRE,OMI CORPORATION,U.S.A.,153000,DNV,258.00/46.00/24.40/17.50M,,,,,HYUNDAI-B&W 6S70MC,15,00. 03. 21
1182,FRONT SUN,FRONTLINE LTD.,BERMUDA,153000,DNV,258.00/46.00/24.40/17.50M,,,,,HYUNDAI-B&W 6S70MC,15,00. 04. 12
1234,EFFIE MAERSK,A. P. MOLLER,DENMARK,308000,LR,319.10/58.00/31.00/22.70M,,,,,HYUNDAI-SULZER 7RTA84T,16.4,00. 04. 14
1180,CRUDE TRIA,TRANSPETROL SERVICE N.V.,BELGIUM,153000,DNV,264.00/46.00/23.10/17.05M,,,,,HYUNDAI-B&W 6S70MC-C,15.7,00. 05. 19
1226,OVERSEAS DONNA,OVERSEAS SHIPHOLDING GROUP INC.,U.S.A.,309000,LR,320.00/58.00/31.00/22.70M,,,,,HYUNDAI-B&W 7S80MC,15.2,00. 06. 01
1235,ELI MAERSK,A. P. MOLLER,DENMARK,308000,LR,319.10/58.00/31.00/22.70M,,,,,HYUNDAI-SULZER 7RTA84T,16.4,00. 07. 12
1259,HAWK,MOBIL SHIPPING AND TRANSPORTATION CO.,U.S.A.,307000,ABS,320.00/58.00/31.00/22.70M,,,,,HYUNDAI-SULZER 7RTA84T-B,16.7,00. 08. 25
1238,MILLENNIUM MAERSK,A. P. MOLLER,DENMARK,308000,LR,319.10/58.00/31.00/22.70M,,,,,HYUNDAI-SULZER 7RTA84T,16.4,00. 09. 29
1260,KESTREL,MOBIL SHIPPING AND TRANSPORTATION CO.,U.S.A.,307000,ABS,320.00/58.00/31.00/22.70M,,,,,HYUNDAI-SULZER 7RTA84T-B,16.7,00. 11. 15
1227,OTTOMAN DIGNITY,GUNGEN MARITIME AND TRADING A/S,TURKEY,153000,DNV,258.00/46.00/24.40/17.50M,,,,,HYUNDAI-B&W 6S70MC,15,00. 11. 20
1236,ZALLAQ,ARAB MARITIME PETROLEUM TRASPORT CO.,KUWAIT,153000,DNV,258.00/46.00/24.40/16.20M,,,,,HYUNDAI-B&W 6S70MC,15,01. 01. 15
1283,OVERSEAS SHIRLEY,OVERSEAS SHIPHOLDING GROUP INC.,U.S.A.,113000,ABS,239.00/44.00/21.00/14.60M,,,,,HYUNDAI-M&W 7S60MC,14.7,01. 02. 08
1284,OVERSEAS JOSEFA CAMEJO,OVERSEAS SHIPHOLDING GROUP INC.,U.S.A.,113000,ABS,239.00/44.00/21.00/14.60M,,,,,HYUNDAI-M&W 7S60MC,14.7,01. 02. 27
1325,BESIKTAS,BESIKTAS,TURKEY,165000,ABS,264.00/50.00/23.10/16.60M,,,,,HYUNDAI-B&W 6S70MC-C,15.5,01. 04. 20
1250,STENA VISION,STENA REDERI A.B.,SWEDEN,315000,DNV,320.00/70.00/25.60/16.76M,,,,,HYUNDAI-B&W 7S60MC-C,17.7,01. 04. 24
1324,AMAZON GLADIATOR,SUN ENTERPRISES LTD. (LIVANOS),GREECE,73000,LR,218.00/40.00/17.60/11.75M,,,,,HYUNDAI-B&W 6S60MC,15,01. 04. 30
1251,STENA VICTORY,STENA REDERI A.B.,SWEDEN,315000,DNV,320.00/70.00/25.60/16.76M,,,,,HYUNDAI-B&W 7S60MC-C,17.7,01. 06. 29
1320,OVERSEAS ANN,OVERSEAS SHIPHOLDING GROUP INC.,U.S.A.,309000,LR,320.00/58.00/31.00/22.70M,,,,,HYUNDAI-B&W 70S80MC,15.2,01. 08. 17
1361,CAP DIAMANT,CERES HELLENIC SHIPPING ENT. LTD.,GREECE,160000,ABS,266.00/53.00/23.40/13.70M,,,,,HYUNDAI-B&W 6S70MC-MARK VI,14.25,01. 09. 21
1285,OVERSEAS FRAN,OVERSEAS SHIPHOLDING GROUP INC.,U.S.A.,113000,ABS,239.00/44.00/21.00/14.60M,,,,,HYUNDAI-B&W 7S60MC,14.7,01. 10. 31
1321,OVERSEAS CHRIS,OVERSEAS SHIPHOLDING GROUP INC.,U.S.A.,309000,LR,320.00/58.00/31.00/22.70M,,,,,HYUNDAI-B&W 7S80MC,15.2,01. 12. 10
1333,SCF ALTAI,FIONA TRUST AND HOLDING CORP.,LIBERIA,159000,ABS,264.00/48.00/23.10/16.00M,,,,,HYUNDAI-B&W 6S70MC-C,15.7,01. 12. 14
1360,CUMHURIYET,DENIZ ISLETMECILIGI TANKERCILIGI A.S (DITAS),TURKEY,165000,ABS,264.00/50.00/23.10/16.00M,,,,,HYUNDAI-B&W 6S70MC-C,15.5,01. 12. 19
1286,OVERSEAS PORTLAND,OVERSEAS SHIPHOLDING GROUP INC.,U.S.A.,113000,ABS,239.00/44.00/21.00/14.60M,,,,,HYUNDAI-B&W 7S60MC,14.7,02. 02. 26
1371,EAGLE VIRGINIA,NEPTUNE ORIENT LINES LTD.,SINGAPORE,318000,LR,319.00/60.00/30.40/21.00M,,,,,HYUNDAI-B&W 6S90MC,16,02. 02. 28
1334,SCF CAUCASUS,FIONA TRUST AND HOLDING CORP.,U.K.,159000,ABS,264.00/48.00/23.10/16.00M,,,,,HYUNDAI-B&W 6S70MC-C,15.7,02. 03. 08
1372,OVERSEAS MULAN,OVERSEAS SHIPHOLDING GROUP INC.,U.S.A.,318000,LR,319.00/60.00/30.40/21.00M,,,,,HYUNDAI-B&W 6S90MC,16,02. 04. 03
1375,AMAZON EXPLORER,SUN ENTERPRISES LTD.(LIVANOS),GREECE,73000,LR,218.00/40.00/17.60/11.75M,,,,,HYUNDAI-B&W 6S60MC,15,02. 04. 29
1278,IRAN HUWAYZEH,NATIONAL IRANIAN TANKER CO.,IRAN,300000,LR,320.00/58.00/31.00/21.00M,,,,,HYUNDAI-SULZER 7RTA84T-B,15.8,02. 05. 27
1335,SCF KHIBINY,FIONA TRUST AND HOLDING CORP.,U.K.,159000,ABS,264.00/48.00/23.10/16.00M,,,,,HYUNDAI-B&W 6S70MC-C,15.7,02. 05. 28
1384,UNICORN,DYNACOM TANKERS MANAGEMENT LTD.,GREECE,164000,ABS,264.00/50.00/23.10/16.00M,,,,,HYUNDAI-B&W 6S70MC-C,15.5,02. 06. 11
1336,SCF SAYAN,FIONA TRUST AND HOLDING CORP.,U.K.,159000,ABS,264.00/48.00/23.10/16.00M,,,,,HYUNDAI-B&W 6S70MC-C,15.7,02. 08. 21
1373,DAKOTA,OMI CORPORATION,U.S.A.,159000,DNV,264.00/48.00/23.10/16.00M,,,,,HYUNDAI-B&W 6S70MC-C,15.75,02. 09. 10
1416,LEO STAR,VELA INTERNATIONAL MARINE LTD.,SAUDI ARABIA,317000,DNV,319.00/60.00/30.50/21.50M,,,,,HYUNDAI-B&W 7S80MC(VI),14.6,02. 09. 16
1394,EAGLE VERMONT,NEPTUNE ORIENT LINES LTD.,SINGAPORE,318000,LR,319.00/60.00/30.40/21.00M,,,,,HYUNDAI-B&W 6S90MC,16,02. 09. 19
1374,DELAWARE,OMI CORPORATION,U.S.A.,159000,DNV,264.00/48.00/23.10/16.00M,,,,,HYUNDAI-B&W 6S70MC-C,15.75,02. 10. 30
1350,SCF URAL,FIONA TRUST AND HOLDING CORP.,U.K.,159000,ABS,264.00/48.00/23.10/16.00M,,,,,HYUNDAI-B&W 6S70MC-C,15.7,02. 11. 07
1279,IRAN HORMOZ,NATIONAL IRANIAN TANKER CO.,IRAN,300000,LR,320.00/58.00/31.00/21.00M,,,,,HYUNDAI-SULZER 7RTA84T-B,15.8,02. 11. 18
1405,SKS SIRA,K.G. JEBSEN SKIPSREDERI,NORWAY,159000,DNV,264.00/48.00/23.10/16.00M,,,,,HYUNDAI-B&W 6S70MC-C,15.75,02. 12. 20
1417,PISCES STAR,VELA INTERNATIONAL MARINE LTD.,SAUDI ARABIA,317000,DNV,319.00/60.00/30.50/21.50M,,,,,HYUNDAI-B&W 7S80MC(VI),14.6,02. 12. 30
1377,AEGEAN FREEDOM,"ARCADIA SHIPMANAGEMENT CO., LTD.",GREECE,105000,DNV,234.00/42.00/21.00/13.60M,,,,,HYUNDAI-B&W 6S60MC,14.6,03. 01. 02
1391,DISCOVERY,DYNACOM TANKERS MANAGEMENT LTD.,GREECE,164000,ABS,264.00/50.00/23.10/16.00M,,,,,HYUNDAI-B&W 6S70MC-C,15.5,03. 01. 29
1351,SCF VALDAI,FIONA TRUST & HOLDING CORP.,LIBERIA,159000,ABS,264.00/48.00/23.10/16.00M,,,,,HYUNDAI-B&W 6S70MC-C,15.7,03. 02. 13
1378,AEGEAN FAITH,"ARCADIA SHIPMANAGEMENT CO., LTD.",GREECE,105000,DNV,234.00/42.00/21.00/13.60M,,,,,HYUNDAI-B&W 6S60MC,14.6,03. 02. 19
1395,OVERSEAS ROSALYN,OVERSEAS SHIPHOLDING GROUP INC.,U.S.A.,318000,LR,319.00/60.00/30.40/21.00M,,,,,HYUNDAI-B&W 6S90MC-C,16,03. 02. 19
1406,SKS SINNI,K. G. JEBSEN SKIPSREDERI,NORWAY,159000,DNV,264.00/48.00/23.10/16.00M,,,,,HYUNDAI-B&W 6S70MC-C,15.7,03. 02. 28
1418,ARIES STAR,VELA INTERNATIONAL MARINE LTD.,SAUDI ARABIA,317000,DNV,319.00/60.00/30.50/21.50M,,,,,HYUNDAI-B&W 7S80MC(VI),14.6,03. 03. 07
1280,IRAN HENGAM,NATIONAL IRANIAN TANKER CO.,IRAN,300000,LR,320.00/58.00/31.00/21.00M,,,,,HYUNDAI-SULZER 7RTA84T-B,15.8,03. 03. 17
1401,DESH BHAKT,SHIPPING CORPORATION OF INDIA,INDIA,110000,ABS+IRS,234.00/42.00/22.60/15.50M,,,,,HYUNDAI-B&W 6S60MC,14,03. 03. 26
1420,ZIRKU,ARAB MARITIME PETROLEUM TRANSPORT CO.,KUWAIT,105000,ABS,234.00/42.00/21.00/13.60M,,,,,HYUNDAI-B&W 6S60MC,14.5,03. 04. 15
1402,DESH PREM,SHIPPING CORPORATION OF INDIA,INDIA,110000,ABS+IRS,234.00/42.00/22.60/15.50M,,,,,HYUNDAI-B&W 6S60MC,14,03. 04. 25
1403,DESH RAKSHAK,SHIPPING CORPORATION OF INDIA,INDIA,110000,ABS+IRS,234.00/42.00/22.60/15.50M,,,,,HYUNDAI-B&W 6S60MC,14,03. 05. 23
1281,IRAN HARSIN,NATIONAL IRANIAN TANKER CO.,IRAN,300000,LR,320.00/58.00/31.00/21.00M,,,,,HYUNDAI-SULZER 7RTA84T-B,15.8,03. 06. 09
1421,ALBUM,ARAB MARITIME PETROLEUM TRANSPORT CO.,KUWAIT,105000,ABS,234.00/42.00/21.00/13.60M,,,,,HYUNDAI-B&W 6S60MC,14.5,03. 07. 14
1438,MARATHA,"ARCADIA SHIPMANAGEMENT CO., LTD.",GREECE,105000,DNV,234.00/42.00/21.00/13.60M,,,,,HYUNDAI-B&W 6S60MC-C,14.6,03 07. 14
1419,CAPRICORN STAR,VELA INTERNATIONAL MARINE LTD.,SAUDI ARABIA,317000,DNV,319.00/60.00/30.50/21.50M,,,,,HYUNDAI-B&W 7S80MC(VI),14.6,03. 07. 25
1466,KRASNODAR,NOVOROSSIYSK SHIPPING COMPANY,RUSSIA,115000,DNV,239.00/44.00/21.00/14.90M,,,,,HYUNDAI-B&W 7S60MC-C,15.1,03. 08. 19
1404,DESH GAURAV,SHIPPING CORPORATION OF INDIA,INDIA,110000,ABS+IRS,234.00/42.00/22.60/15.50M,,,,,HYUNDAI-B&W 6S60MC,14,03. 08. 20
1282,IRAN HAMOON,NATIONAL IRANIAN TANKER CO.,IRAN,300000,LR,320.00/58.00/31.00/21.00M,,,,,HYUNDAI-SULZER 7RTA84T-B,15.8,03. 09. 01
1433,AMERICAS SPIRIT,TEEKAY SHIPPING (CANADA) LTD.,CANADA,112000,DNV,245.00/44.80/20.40/13.60M,,,,,HYUNDAI-B&W 7S60MC,14.8,03. 09. 05
1431,EUROPEAN SPIRIT,TEEKAY SHIPPING (CANADA) LTD.,CANADA,152000,DNV,258.00/45.70/24.40/16.20M,,,,,HYUNDAI-B&W 6S70MC,15,03. 09. 26
1467,KRYMSK,NOVOROSSIYSK SHIPPING COMPANY,RUSSIA,115000,DNV,239.00/44.00/21.00/14.90M,,,,,HYUNDAI-B&W 7S60MC-C,15.1,03. 10. 01
1453,CORAL SEA,TANKER PACIFIC MANAGEMENT(SGP) LTD.,SINGAPORE,105000,DNV,238.00/43.00/20.20/13.60M,,,,,HYUNDAI-B&W 7S60MC,15.1,03. 10. 23
1478,ATHENIAN VICTORY,ATHENIAN SEA CARRIERS,GREECE,159000,ABS,264.00/48.00/23.10/16.00M,,,,,HYUNDAI-B&W 6S70MC-C,15.7,03. 10. 24
1435,AFRICAN SPIRIT,TEEKAY SHIPPING (CANADA) LTD.,CANADA,152000,DNV,258.00/45.70/24.40/16.20M,,,,,HYUNDAI-B&W 6S70MC,15,03. 11. 10
1479,CAPTAIN X. KYRIAKOU,ATHENIAN SEA CARRIERS,GREECE,159000,ABS,264.00/48.00/23.10/16.00M,,,,,HYUNDAI-B&W 6S70MC-C,15.7,03. 11. 25
1432,ASIAN SPIRIT,TEEKAY SHIPPING (CANADA) LTD.,CANADA,152000,DNV,258.00/45.70/24.40/16.20M,,,,,HYUNDAI-B&W 6S70MC,15,04. 01. 05
1434,AUSTRALIAN SPIRIT,TEEKAY SHIPPING (CANADA) LTD.,CANADA,112000,DNV,245.00/44.80/20.40/13.60M,,,,,HYUNDAI-B&W 7S60MC,14.8,04. 01. 05
1508,AMAZON BEAUTY,SUN ENTERPRISES LTD.,GREECE,73000,LR,218.00/40.00/17.60/11.75M,,,,,HYUNDAI-B&W 6S60MC,15,04. 01. 05
1495,ASTRO PERSEUS,ALPHA TANKERS AND FREIGHTERS INT'L LTD.,GREECE,159000,ABS,264.00/48.00/23.10/17.05M,,,,,HYUNDAI-B&W 6S70MC-C,15.5,04. 01. 05
1480,ATHENIAN OLYMPICS,ATHENIAN SEA CARRIERS LTD.,GREECE,159000,ABS,264.00/48.00/23.10/16.00M,,,,,HYUNDAI-B&W 6S70MC-C,15.7,04. 01. 13
1496,ASTRO PHOENIX,ALPHA TANKERS AND FREIGHTERS INT'L LTD.,GREECE,159000,ABS,264.00/48.00/23.10/17.05M,,,,,HYUNDAI-B&W 6S70MC-C,15.5,04. 01. 30
1454,CERAM SEA,TANKER PACIFIC MANAGEMENT(SGP) LTD.,SINGAPORE,105000,DNV,238.00/43.00/20.20/13.60M,,,,,HYUNDAI-B&W 7S60MC,15.1,04. 02. 12
1481,ATHENIAN GLORY,ATHENIAN SEA CARRIERS LTD.,GREECE,159000,ABS,264.00/48.00/23.10/16.00M,,,,,HYUNDAI-B&W 6S70MC-C,15.7,04. 03. 29
1497,ASTRO POLARIS,ALPHA TANKERS AND FREIGHTERS INT'L LTD.,GREECE,159000,ABS,264.00/48.00/23.10/17.05M,,,,,HYUNDAI-B&W 6S70MC-C,15.5,04. 03. 30
1537,PACIFIC PARTNER,MITSUI O.S.K LINES LTD.,JAPAN,105000,NK,234.00/42.00/21.00/13.60M,,,,,HYUNDAI-B&W 6S60MC-C,15.1,04. 05. 11
1540,MT. PERTAMINA 1,PT PERTAMINA,INDONESIA,260000,ABS,317.00/60.00/29.50/19.20M,,,,,HYUNDAI-B&W 6S90MC-C,16,04. 07. 09
1538,PACIFIC ALLIANCE,MITSUI O.S.K LINES LTD.,JAPAN,105000,NK,234.00/42.00/21.00/13.60M,,,,,HYUNDAI-B&W 6S60MC-C,15.1,04. 07. 13
1551,AEGEAN ANGEL,ARCADIA SHIPMANAGEMENT CO. LTD.,GREECE,159000,ABS,264.00/48.00/23.10/16.00M,,,,,HYUNDAI-B&W 6S70MC-C,15.7,04. 07. 29
1553,ARDENNE VENTURE,WAH KWONG SHIPPING HOLDINGS LTD.,HONG KONG,318000,BV,319.00/60.00/30.40/21.00M,,,,,HYUNDAI-B&W 6S90MC-C,16,04. 09. 08
1541,MT. PERTAMINA 2,PT PERTAMINA,INDONESIA,260000,ABS,317.00/60.00/29.50/19.20M,,,,,HYUNDAI-B&W 6S90MC-C,16,04. 09. 10
1552,AEGEAN DIGNITY,ARCADIA SHIPMANAGEMENT CO. LTD,GREECE,159000,ABS,264.00/48.00/23.10/16.00M,,,,,HYUNDAI-B&W 6S70MC-C,15.7,04. 10. 06
1610,STARLIGHT VENTURE,WAH KWONG SHIPPING HOLDINGS LTD.,HONG KONG,318000,BV,319.00/60.00/30.40/21.00M,,,,,HYUNDAI-B&W 6S90MC-C,16,04. 11. 09
1587,ATHINA,THENAMARIS SHIPS MANAGEMENT INC,GREECE,318000,LR,319.00/60.00/30.40/21.00M,,,,,HYUNDAI-B&W 6S90MC-C,15.7,05. 01. 03
1554,OTTOMAN NOBILITY,GUNGEN MARITIME & TRADING A/S,TURKEY,152000,DNV,258.00/46.00/24.40/16.20M,,,,,HYUNDAI-B&W 6S70MC,15,05. 01. 05
1559,KWK JADE,TAI CHONG CHEANG STEAMSHIP CO.,HONG KONG,105000,ABS,234.00/42.00/21.00/13.60M,,,,,HYUNDAI-B&W 6S60MC,14.8,05. 01. 05
1628,NS CHALLENGER,NOVOSHIP,RUSSIA,105000,DNV,234.00/42.00/21.00/13.60M,,,,,HYUNDAI-B&W 6S60MC,14.6,05. 01. 07
1604,DESH UJAALA,SHIPPING CORPORATION OF INDIA,INDIA,316000,DNV+IRS,319.00/60.00/30.40/21.60M,,,,,HYUNDAI-SULZER 7RTA84T-D,15.5,05. 01. 25
1555,SEAOATH,THENAMARIS SHIPS MANAGEMENT INC,GREECE,105000,ABS,234.00/42.00/21.00/13.60M,,,,,HYUNDAI-B&W 6S60MC,14.6,05. 02. 03
1562,SCF ALDAN,SOVCOMFLOT,RUSSIA,159000,ABS,264.00/48.00/23.10/16.00M,,,,,HYUNDAI-B&W 6S70ME-C,15.7,05. 02. 07
1609,SEAKING,THENAMARIS SHIPS MANAGEMENT INC,GREECE,318000,LR,319.00/60.00/30.40/21.00M,,,,,HYUNDAI-B&W 6S90MC-C,15.7,05. 02. 18
1556,AMAZON BRILLIANCE,SUN ENTERPRISES LTD.,GREECE,73000,LR,218.00/40.00/17.60/11.75M,,,,,HYUNDAI-B&W 6S60MC,15,05. 02. 21
1563,SCF BYRRANGA,SOVCOMFLOT,RUSSIA,159000,ABS,264.00/48.00/23.10/16.00M,,,,,HYUNDAI-B&W 6S70ME-C,15.7,05. 02. 21
1569,SEASONG,THENAMARIS SHIPS MANAGEMENT INC,GREECE,105000,ABS,234.00/42.00/21.00/13.60M,,,,,HYUNDAI-B&W 6S60MC,14.6,05. 03. 17
1606,ENERGY SPRINTER,ENTERPRISES SHIPPING & TRADING S.A.,GREECE,159000,DNV,264.00/48.00/23.10/16.00M,,,,,HYUNDAI-B&W 6S70MC-C,15.7,05. 03. 29
1617,EUROCHAMPION 2004,TSAKOS SHIPPING AND TRADING S.A.,GREECE,164000,LR,264.00/50.00/23.10/16.00M,,,,,HYUNDAI-B&W 6S70MC-C,15.6,05. 04. 18
1629,NS CONCORD,NOVOSHIP,RUSSIA,105000,DNV,234.00/42.00/21.00/13.60M,,,,,HYUNDAI-B&W 6S60MC-C,14.6,05. 04. 20
1564,CAPE BARI,SOVCOMFLOT,RUSSIA,159000,ABS,264.00/48.00/23.10/16.00M,,,,,HYUNDAI-B&W 6S70ME-C,15.7,05. 04. 28
1560,BESIKTAS BOSPHORUS,BESIKTAS GROUP,TURKEY,164000,ABS,264.00/50.00/23.10/16.00M,,,,,HYUNDAI-B&W 6S70MC-C,15.5,05. 05. 09
1607,ENERGY SKIER,ENTERPRISES SHIPPING & TRADING S.A.,GREECE,159000,DNV,264.00/48.00/23.10/16.00M,,,,,HYUNDAI-B&W 6S70MC-C,15.7,05. 05. 31
1635,NS CONCEPT,NOVOSHIP,RUSSIA,105000,DNV,234.00/42.00/21.00/13.60M,,,,,HYUNDAI-B&W 6S60MC-C,14.6,05. 06. 01
1565,CAPE BASTIA,SOVCOMFLOT,RUSSIA,159000,ABS,264.00/48.00/23.10/16.00M,,,,,HYUNDAI-B&W 6S70ME-C,15.7,05. 06. 13
1573,ADYGEYA,EUROCEANICA SERVICE S.A.,NETHERLANDS,105000,ABS,234.00/42.00/21.00/13.60M,,,,,HYUNDAI-B&W 6S60MC-C,14.6,05. 06. 23
1636,NS CHAMPION,NOVOSHIP,RUSSIA,105000,DNV,234.00/42.00/21.00/13.60M,,,,,HYUNDAI-B&W 6S60MC-C,14.6,05. 07. 12
1561,BESIKTAS DARDANELLES,BESIKTAS GROUP,TURKEY,164000,ABS,264.00/50.00/23.10/16.00M,,,,,HYUNDAI-B&W 6S70MC-C,15.5,05. 07. 25
1605,DESH VAIBHAV,SHIPPING CORPORATION OF INDIA,INDIA,316000,DNV+IRS,319.00/60.00/30.40/21.60M,,,,,HYUNDAI-SULZER 7RTA84T-D,15.5,05. 08. 17
1585,CAPE BONNY,SOVCOMFLOT,RUSSIA,159000,ABS,264.00/48.00/23.10/16.00M,,,,,HYUNDAI-B&W 6S70ME-C,15.7,05. 09. 06
1618,EURONIKI,TSAKOS SHIPPING AND TRADING S.A.,GREECE,164000,LR,264.00/50.00/23.10/16.00M,,,,,HYUNDAI-B&W 6S70MC-C,15.6,05. 09. 14
1586,CAPE BRINDISI,SOVCOMFLOT,RUSSIA,159000,ABS,264.00/48.00/23.10/16.00M,,,,,HYUNDAI-B&W 6S70ME-C,15.7,05. 10. 10
1599,PAVEL CHERNYSH,PRIMORSK SHIPPING CORPORATION,RUSSIA,101000,DNV,234.00/42.00/21.60/14.50M,,,,,HYUNDAI-B&W 7S60MC-C,15.2,05. 10. 17
1600,CAPTAIN KOSTICHEV,PRIMORSK SHIPPING CORPORATION,RUSSIA,101000,DNV,234.00/42.00/21.60/14.50M,,,,,HYUNDAI-B&W 7S60MC-C,15.2,05. 10. 17
1621,STENA ARCTICA,STENA REDERI AB,SWEDEN,114000,DNV,239.00/44.00/22.00/15.40M,,,,,HYUNDAI-B&W 7S60ME-C,14,05. 11. 01
1637,UNIVERSAL QUEEN,"HYUNDAI MERCHANT MARINE CO., LTD.",KOREA,309000,DNV+KR,324.00/60.00/29.60/20.50M,,,,,HYUNDAI-SULZER 7RTA84T-D,15.6,05. 11. 11
1601,VIKTOR TITOV,PRIMORSK SHIPPING CORPORATION,RUSSIA,101000,DNV,234.00/42.00/21.60/14.50M,,,,,HYUNDAI-B&W 7S60MC-C,15.2,05. 11. 15
1602,YURI SENKEVICH,SOVCOMFLOT,RUSSIA,101000,DNV,234.00/42.00/21.60/14.50M,,,,,HYUNDAI-B&W 7S60MC-C,15.2,05. 11. 28
1622,SCF BALTICA,STENA REDERI AB,SWEDEN,114000,DNV,239.00/44.00/22.00/15.40M,,,,,HYUNDAI-B&W 7S60ME-C,14,05. 12. 06
1603,VICTOR KONETSKY,SOVCOMFLOT,RUSSIA,101000,DNV,234.00/42.00/21.60/14.50M,,,,,HYUNDAI-B&W 7S60MC-C,15.2,05. 12. 20
1638,UNIVERSAL CROWN,"HYUNDAI MERCHANT MARINE CO., LTD.",KOREA,309000,DNV+KR,324.00/60.00/29.60/20.50M,,,,,HYUNDAI-SULZER 7RTA84T-D,15.6,05. 12. 22
1619,ARCHANGEL,TSAKOS SHIPPING AND TRADING S.A.,GREECE,162400,LR,264.00/50.00/23.10/16.00M,,,,,HYUNDAI-B&W 6S70MC-C,15.6,06. 01. 09
1796,NS CAPTAIN,NOVOSHIP,RUSSIA,105000,DNV,234.00/42.00/21.00/13.60M,,,,,HYUNDAI-B&W 6S60MC,14.6,06. 01. 10
1797,NS CORONA,NOVOSHIP,RUSSIA,105000,DNV,234.00/42.00/21.00/13.60M,,,,,HYUNDAI-B&W 6S60MC,14.6,06. 02. 07
1615,BONITA,DRYBULK S. A.,GREECE,105000,ABS,234.00/42.00/21.00/13.60M,,,,,HYUNDAI-B&W 6S60MC-C,15,06. 02. 09
1620,ALASKA,TSAKOS SHIPPING AND TRADING S.A.,GREECE,162400,LR,264.00/50.00/23.10/16.00M,,,,,HYUNDAI-B&W 6S70MC-C,15.6,06. 02. 27
1764,KAZIMAH III,KUWAIT OIL TANKER CO.,KUWAIT,317000,DNV,319.00/60.00/30.40/21.00M,,,,,HYUNDAI-B&W 6S90MC-C,15.7,06. 03. 14
1641,MESAIEED,QATAR SHIPPING COMPANY Q.S.C,QATAR,105000,DNV,234.00/42.00/21.00/13.60M,,,,,HYUNDAI-B&W 6S60MC-C,14.8,06. 05. 04
1616,MONTEGO,DRYBULK S. A.,GREECE,105000,ABS,234.00/42.00/21.00/13.60M,,,,,HYUNDAI-B&W 7S60MC-C,15,06. 05. 11
1642,KHAWR ALADID,QATAR SHIPPING COMPANY Q.S.C,QATAR,105000,DNV,234.00/42.00/21.00/13.60M,,,,,HYUNDAI-B&W 6S60MC-C,14.8,06. 06. 23
1688,NS CENTURY,NOVOSHIP,RUSSIA,105000,DNV,234.00/42.00/21.00/13.60M,,,,,HYUNDAI-B&W 6S60MC,14.6,06. 06. 30
1689,NS COMMANDER,NOVOSHIP,RUSSIA,105000,DNV,234.00/42.00/21.00/13.60M,,,,,HYUNDAI-B&W 6S60MC,14.6,06. 08. 10
1708,ARCTIC,TSAKOS SHIPPING AND TRADING S.A.,GREECE,162400,ABS,264.00/50.00/23.10/16.00M,,,,,HYUNDAI-B&W 6S70MC-C,15.6,07. 01. 10
1709,ANTARCTIC,TSAKOS SHIPPING AND TRADING S.A.,GREECE,162400,ABS,264.84/50.00/23.10/16.00M,,,,,HYUNDAI-B&W 6S70MC-C,15.6,07. 04. 25
1707,CORK SPIRIT,TEEKAY CORPORATION.,CANADA,105000,DNV,234.00/42.00/21.00/14.90M,,,,,HYUNDAI-B&W 6S60MC-C,14.9,07. 05. 07
1712,NS COLUMBUS,NOVOSHIP,RUSSIA,105000,DNV,234.00/42.00/21.00/13.60M,,,,,HYUNDAI-B&W 6S60MC,14.6,07. 05. 22
1749,AEGEAN NAVIGATOR,"ARCADIA SHIPMANAGEMENT CO., LTD.",GREECE,159000,ABS,264.00/48.00/23.10/16.00M,,,,,HYUNDAI-B&W 6S70MC-C,15.7,07. 06. 25
1737,PRISCO MIZAR,PRIMORSK SHIPPING CORPORATION,RUSSIA,166000,DNV,275.00/50.00/22.50/15.00M,,,,,HYUNDAI-B&W 6S70MC-C,15.3,07. 07. 02
1713,NS CREATION,NOVOSHIP,RUSSIA,105000,DNV,234.00/42.00/21.00/13.60M,,,,,HYUNDAI-B&W 6S60MC,14.6,07. 07. 04
1765,AL JABRIYAH II,KUWAIT OIL TANKER CO.,KUWAIT,317000,DNV,319.00/60.00/30.40/21.00M,,,,,HYUNDAI-B&W 6S90MC-C,15.7,07. 07. 19
1750,AEGEAN HORIZON,"ARCADIA SHIPMANAGEMENT CO., LTD.",GREECE,159000,ABS,264.00/48.00/23.10/16.00M,,,,,HYUNDAI-B&W 6S70MC-C,15.7,07. 08. 20
1738,PRISCO ALCOR,PRIMORSK SHIPPING CORPORATION,RUSSIA,166000,DNV,275.00/50.00/22.50/15.00M,,,,,HYUNDAI-B&W 6S70MC-C,15.3,07. 09. 19
1877,HADI,NATIONAL IRANIAN TANKER CO.,IRAN,317000,LR,319.00/60.00/30.50/21.00M,,,,,HYUNDAI-B&W 6S90MC-C,15.5,07. 10. 12
1878,TOUR,IRANO HIND,IRAN,159000,DNV,264.00/48.00/23.10/16.00M,,,,,HYUNDAI-B&W 6S70ME-C,15.5,07. 11. 26
1782,MINERVA GEORGIA,MINERVA MARINE INC.,GREECE,163000,LR,264.00/50.00/23.10/16.00M,,,,,HYUNDAI-B&W 6S70MC-C,15.3,08. 01. 04
1854,ZALIV AMERIKA,PRISCO,RUSSIA,105000,DNV,234.00/42.00/22.00/13.50M,,,,,HYUNDAI-B&W 7S60MC-C,15.5,08. 01. 23
1864,HIRMAND,NATIONAL IRANIAN TANKER CO.,IRAN,317000,LR,319.00/60.00/30.50/21.00M,,,,,HYUNDAI-B&W 6S90MC-C,15.5,08. 05. 08
1865,HARAZ,NATIONAL IRANIAN TANKER CO.,IRAN,317000,LR,319.00/60.00/30.50/21.00M,,,,,HYUNDAI-B&W 6S90MC-C,15.5,08. 06. 26
1855,ZALIV AMURSKIY,PRISCO,RUSSIA,105000,DNV,234.00/42.00/22.00/13.50M,,,,,HYUNDAI-B&W 7S60MC-C,15.5,08. 07. 30
1921,IOANNA,DYNACOM TANKERS MANAGEMENT LTD.,GREECE,318000,LR,319.00/60.00/30.40/21.00M,,,,,HYUNDAI-B&W 6S90MC-C,16.1,08. 08. 18
1922,ELIZA,DYNACOM TANKERS MANAGEMENT LTD.,GREECE,318000,LR,319.00/60.00/30.40/21.00M,,,,,HYUNDAI-B&W 6S90MC-C,16.1,08. 09. 01
1963,C. MAJESTY,"SK SHIPPING CO., LTD.",KOREA,317000,ABS + KR,324.00/60.00/29.60/20.50M,,,,,HYUNDAI-B&W 6S90MC-C,16,08. 10. 10
1925,OLYMPIA,EURONAV NV,BELGIUM,318000,LR,319.00/60.00/30.40/21.00M,,,,,HYUNDAI-B&W 6S90MC-C,16.1,08. 11. 27
1962,OTTOMAN EQUITY,GUNGEN MARITIME & TRADING A/S,TURKEY,151000,DNV,258.00/46.00/24.40/16.20M,,,,,HYUNDAI-B&W 6S70ME-C,14.4,08. 12. 01
1932,ASTRO CHLOE,ALPHA TANKERS,GREECE,318000,ABS,319.00/60.00/30.40/21.00M,,,,,HYUNDAI-B&W 6S90MC-C(MARK 8),16.4,09. 01. 05
1930,PHOENIX LIGHT,PHOENIX ENERGY NAVIGATION S. A.,GREECE,105000,ABS,234.00/42.00/21.00/14.90M,,,,,HYUNDAI-B&W 6S60MC-C,15.4,09. 01. 05
1926,ANTARCTICA,EURONAV NV,BELGIUM,318000,LR,319.00/60.00/30.40/21.00M,,,,,HYUNDAI-B&W 6S90MC-C,16.1,09. 01. 22
1964,C. GALAXY,"SK SHIPPING CO., LTD.",KOREA,317000,KR,324.00/60.00/29.60/20.50M,,,,,HYUNDAI-B&W 6S90MC-C,16,09. 02. 13
1936,MARINA,DYNACOM TANKERS MANAGEMENT LTD.,GREECE,318000,DNV,310.00/60.00/30.40/21.00M,,,,,HYUNDAI-B&W 6S90MC-C,16.1,09. 03. 16
2015,APOLYTARES,MINERVA MARINE INC.,GREECE,317000,ABS,324.22/60.00/26.40/20.50M,,,,,HYUNDAI-B&W 6S90MC-C,16.01,09. 04. 09
1958,MARAN PLATO,MARAN TANKERS,GREECE,158000,DNV,264.00/48.00/23.10/16.00M,,,,,HYUNDAI-B&W 6S70MC-C,15.8,09. 04. 23
1978,PHAETHON,ALPHA TANKERS,GREECE,158000,DNV,264.00/48.00/23.10/16.00M,,,,,HYUNDAI-B&W 6S70MC-C,15.8,09. 04. 23
1937,GEORGIOS,DYNACOM TANKERS MANAGEMENT LTD.,GREECE,318000,DNV,319.00/60.00/30.40/21.00M,,,,,HYUNDAI-B&W 6S90MC-C,16.1,09. 05. 07
2016,C. PROSPERITY,"SK SHIPPING CO., LTD.",KOREA,317000,ABS + KR,324.00/60.00/29.60/20.50M,,,,,HYUNDAI-B&W 6S90MC-C,16,09. 05. 29
2025,ZALIV ANADYR,PRISCO,RUSSIA,103000,DNV,234.00/42.00/22.00/13.50M,,,,,HYUNDAI-B&W 7S60MC-C,15.5,09. 05. 29
1979,PEGASUS,ALPHA TANKERS,GREECE,158000,DNV,264.00/48.00/23.10/16.00M,,,,,HYUNDAI-B&W 6S70MC-C,15.8,09. 06. 09
1933,CAESAR,ALPHA TANKERS,GREECE,318000,ABS,319.00/60.00/30.40/21.00M,,,,,HYUNDAI-B&W 6S90MC-C(MARK 8),16.4,09. 06. 25
1959,MARAN PYTHIA,MARAN TANKERS,GREECE,158000,LR,264.00/48.00/23.10/16.00M,,,,,HYUNDAI-B&W 6S70MC-C,15.8,09. 06. 25
2026,ZALIV ANIVA,PRISCO,RUSSIA,103000,DNV,234.00/42.00/22.00/13.50M,,,,,HYUNDAI-B&W 7S60MC-C,15.5,09. 06. 29
2024,C. GLORY,"SK SHIPPING CO., LTD.",KOREA,317000,ABS,324.00/60.00/29.60/20.50M,,,,,HYUNDAI-B&W 6S90MC-C,16,09. 07. 16
2021,PATROCLUS,ALPHA TANKERS,GREECE,158000,DNV,264.00/48.00/23.10/16.00M,,,,,HYUNDAI-B&W 6S70MC-C,15.8,09. 07. 24
2022,ASTRO ATLAS,MARAN TANKERS,GREECE,105000,ABS,234.00/42.00/21.00/14.90M,,,,,HYUNDAI-B&W 6S60MC-C,15,09. 07. 24
2023,ASTRO SAGITTA,MARAN TANKERS,GREECE,105000,ABS,234.00/42.00/21.00/14.90M,,,,,HYUNDAI-B&W 6S60MC-C,15,09. 09. 09
2033,C. DIGNITY,"SK SHIPPING CO., LTD.",KOREA,317000,KR,324.00/60.00/29.60/20.50M,,,,,HYUNDAI-B&W 6S90MC-C,16,09. 09. 11
2002,ATHENIAN VICTORY,ATHENIAN SEA CARRIERS,GREECE,318000,GL,319.00/60.00/30.40/21.00M,,,,,HYUNDAI-B&W 6S90MC-C,15.7,09. 09. 29
2041,AL KHALIDA,FAL SHIPPING,U.A.E,105000,ABS,234.00/42.00/21.00/14.90M,,,,,HYUNDAI-B&W 6S60MC-C,15,09. 10. 01
1960,MARAN PENELOPE,MARAN TANKERS,GREECE,158000,ABS,264.00/48.00/23.10/16.00M,,,,,HYUNDAI-B&W 6S70MC-C,15.8,09. 10. 13
2000,LEONIDAS,METROSTAR,GREECE,318000,DNV,319.00/60.00/30.40/21.00M,,,,,HYUNDAI-WARTSILA 7RT-FLEX82T,15.7,09. 10. 23
2027,ZARUMA,FLOPEC,ECUADOR,105000,LR,234.00/42.00/21.00/13.60M,,,,,HYUNDAI-B&W 6S60MC-C,15.4,09. 11. 23
2035,SCF SURGUT,SOVCOMFLOT,RUSSIA,158000,ABS,264.00/48.00/23.10/16.00M,,,,,HYUNDAI-B&W 6S70ME-C,15.7,09. 12. 03
2028,PICHINCHA,FLOPEC,ECUADOR,105000,LR,234.00/42.00/21.00/13.60M,,,,,HYUNDAI-B&W 6S60MC-C,15.4,10. 01. 04
2003,ATHENIAN SUCCESS,ATHENIAN SEA CARRIERS,GREECE,318000,GL,319.00/60.00/30.40/21.00M,,,,,HYUNDAI-B&W 6S90MC-C,15.7,10. 01. 11
2006,MARAN POSEIDON,MARAN TANKERS,GREECE,158000,DNV,264.00/48.00/23.10/16.00M,,,,,HYUNDAI-B&W 6S70MC-C,15.8,10. 01. 25
2001,CRUDEMED,METROSTAR,GREECE,318000,DNV,319.00/60.00/30.40/21.00M,,,,,HYUNDAI-B&W 6S90MC-C,15.7,10. 02. 04
2042,AL NOUF,FAL SHIPPING,U.A.E,105000,ABS,234.00/42.00/21.00/13.60M,,,,,HYUNDAI-B&W 6S60MC-C(MARK 8),15.6,10. 02. 11
2017,ATHENIAN HARMONY,ATHENIAN SEA CARRIERS,GREECE,318000,GL,319.00/60.00/30.40/21.00M,,,,,HYUNDAI-B&W 6S90MC-C,15.7,10. 02. 24
2036,SCF BAIKAL,SOVCOMFLOT,RUSSIA,158000,ABS,264.00/48.00/23.10/16.00M,,,,,HYUNDAI-B&W 6S70ME-C,15.7,10. 03. 25
2034,C.ETERNITY,"SK SHIPPING CO.,LTD.",KOREA,317000,ABS+K,324.00/60.00/29.60/20.50M,,,,,HYUNDAI-B&W 6S90MC-C,16,10. 04. 28
2134,ACHILLEAS,SUN ENTERPRISES,GREECE,158000,ABS,264.00/48.00/23.10/16.00M,,,,,HYUNDAI-B&W 6S70MC-C(MARK 8),16,10. 06. 14
2138,DESH MAHIMA,SHIPPING CORPORATION OF INDIA,INDIA,115000,ABS,239.00/44.00/21.50/14.60M,,,,,HYUNDAI-B&W 7S60MC-C7,15.1,10. 10. 27
2247,SIFA,OMAN SHIPPING COMPANY,OMAN,317000,LR,319.00/60.00/30.40/21.00M,,,,,HYUNDAI-WARTSILA 7RT-FLEX82T,15.5,11. 01. 10
2047,ATHENIAN GLORY,ATHENIAN SEA CARRIERS,GREECE,318000,GL,319.00/60.00/30.40/21.00M,,,,,HYUNDAI-B&W 6S90MC-C,15.7,11. 01. 11
2139,DESH GARIMA,SHIPPING CORPORATION OF INDIA,INDIA,115000,ABS,239.00/44.00/21.50/14.60M,,,,,HYUNDAI-B&W 7S60MC-C7,15.1,11. 01. 20
2140,DESH SURAKSHA,SHIPPING CORPORATION OF INDIA,INDIA,115000,ABS,239.00/44.00/21.50/14.60M,,,,,HYUNDAI-B&W 7S60MC-C7,15.1,11. 02. 10
2286,HANJIN RAS TANURA,HANJIN SHIPPING,KOREA,318000,ABS,319.00/60.00/30.40/21.00M,,,,,HYUNDAI-WARTSILA 7RT-FLEX82T,16,11. 03. 02
2196,PHOENIX ADMIRAL,MITSUI O.S.K.LINES LTD.,JAPAN,114000,ABS,239.00/44.00/21.00/13.60M,,,,,HYUNDAI-B&W 7S60MC-C7,15.5,11. 03. 14
2141,DESH SAMMAN,SHIPPING CORPORATION OF INDIA,INDIA,115000,ABS,239.00/44.00/21.50/14.60M,,,,,HYUNDAI-B&W 7S60MC-C7,15.1,11. 03. 15
2248,FIDA,OMAN SHIPPING COMPANY,OMAN,317000,LR,319.00/60.00/30.40/21.00M,,,,,HYUNDAI-WARTSILA 7RT-FLEX82T,15.5,11. 05. 16
2300,SUEZ FUZEYYA,EMPIRE NAVIGATION,GREECE,158000,ABS,264.00/48.00/23.10/16.00M,,,,,HYUNDAI-B&W 6S70MC-C8,16,11. 06. 01
2301,SUEZ VASILIS,EMPIRE NAVIGATION,GREECE,158000,ABS,264.00/48.00/23.10/16.00M,,,,,HYUNDAI-B&W 6S70MC-C8,16,11. 06. 01
2197,PHOENIX ADVANCE,MITSUI O.S.K.LINES LTD.,JAPAN,114000,ABS,239.00/44.00/21.00/13.60M,,,,,HYUNDAI-B&W 7S60MC-C7,15.5,11. 06. 22
2302,SUEZ HANS,EMPIRE NAVIGATION,GREECE,158000,ABS,264.00/48.00/23.10/16.00M,,,,,HYUNDAI-B&W 6S70MC-C8,16,11. 07. 19
2308,ITHAKI,DYNACOM,GREECE,318000,ABS,319.00/60.00/30.40/21.00M,,,,,HYUNDAI-B&W 6S90MC-C7,16.1,11. 08. 11
2303,SUEZ RAJAN,EMPIRE NAVIGATION,GREECE,158000,ABS,264.00/48.00/23.10/16.00M,,,,,HYUNDAI-B&W 6S70MC-C8,16,11. 08. 26
2376,PHOENIX BEACON,PHOENIX,GREECE,105000,ABS,234.00/42.00/21.00/13.60M,,,,,HYUNDAI-B&W 6S70MC-C8,15.6,11. 09. 16
2377,PHOENIX STRENGTH,PHOENIX,GREECE,105000,ABS,234.00/42.00/21.00/13.60M,,,,,HYUNDAI-B&W 6S70MC-C8,15.6,11. 09. 23
2359,OTTOMAN INTEGRITY,GUNGEN,TURKEY,151000,DNV,258.00/46.00/24.40/16.20M,,,,,HYUNDAI-B&W 6S70ME-C,14.4,11. 11. 28
2378,PHOENIX CONCORD,PHOENIX,GREECE,105000,ABS,234.00/42.00/21.00/13.60M,,,,,HYUNDAI-B&W 6S60MC-C8,15.6,12. 01. 05
2417,MANEKLAL UJAMSHI SHETH,GESCO,INDIA,318000,DNV,319.00/60.00/50.40/21.00M,,,,,HYUNDAI-WARTSILA 7RTA82T,16,12. 01. 06
2249,DABA,OMAN SHIPPING COMPANY,OMAN,317000,LR,319.00/60.00/30.40/21.00M,,,,,HYUNDAI-WARTSILA 7RT-FLEX82T,15.5,12. 01. 06
2418,ARDESHIR H BHIWANDIWALLA,GESCO,INDIA,318000,DNV,319.00/60.00/50.40/21.00M,,,,,HYUNDAI-WARTSILA 7RTA82T,16,12. 02. 15
2462,FLEVES,DYNACOM TANKER MANAGEMENT LTD.,GREECE,158000,DNV,264.00/48.00/23.10/16.00M,,,,,HYUNDAI-B&W 6S70MC-C8,16,12. 02. 16
2476,DENSA WHALE,DENSA,TURKEY,158000,ABS,264.00/48.00/23.10/16.00M,,,,,HYUNDAI-B&W 6S70MC-C8,15,12. 03. 02
2428,OTTOMAN TENACITY,GUNGEN,TURKEY,151000,DNV,258.00/46.00/24.40/16.20M,,,,,HYUNDAI-B&W 6S70ME-C8,15.4,12. 04. 10
2477,DENSA ORCA,DENSA,TURKEY,158000,ABS,264.00/48.00/23.10/16.00M,,,,,HYUNDAI-B&W 6S70MC-C8,15,12. 04. 27
2419,VASANT J SHETH,GESCO,INDIA,318000,DNV,319.00/60.00/50.40/21.00M,,,,,HYUNDAI-WARTSILA 7RTA82T,16,12. 05. 09
2463,AGISTRI,DYNACOM TANKER MANAGEMENT LTD.,GREECE,158000,DNV,264.00/48.00/23.10/16.00M,,,,,HYUNDAI-B&W 6S70MC-C8,16,12. 05. 30
2440,SAN SABA,DIAMOND S,USA,158000,ABS,264.00/48.00/23.10/16.00M,,,,,HYUNDAI-B&W 6S70MC-C8,15,12. 06. 05
2441,RIO GRANDE,DIAMOND S,USA,158000,ABS,264.00/48.00/23.10/16.00M,,,,,HYUNDAI-B&W 6S70MC-C8,15,12. 07. 03
2585,BRIGHTOIL GLORY,BRIGHTOIL,HONG-KONG,318030,LR,319.00/60.00/30.40/21.00M,,,,,HYUNDAI-B&W 6S90ME-C8,16.4,12. 07. 10
2456,HOUSTON,DYNACOM TANKER MANAGEMENT LTD.,GREECE,318000,ABS,319.03/60.00/27.80/21.00M,,,,,HYUNDAI-WARTSILA 7RTA82T,16.1,12. 07. 19
2458,C. EXCELLENCY,"SK SHIPPING CO., LTD.",KOREA,320550,KR,319.00/60.00/30.40/21.00M,,,,,HYUNDAI-WARTSILA 7RT-FLEX82T,16.1,12. 08. 31
2586,BRIGHTOIL GRAVITY,BRIGHTOIL,HONG-KONG,318000,LR,319.00/60.00/30.40/21.00M,,,,,HYUNDAI-B&W 6S90ME-C8,16.4,12. 09. 10
2520,TEXAS,DYNACOM TANKER MANAGEMENT LTD.,GREECE,318000,ABS,319.00/60.00/30.40/21.00M,,,,,HYUNDAI-WARTSILA 7RTA82T,16.1,12. 09. 28
2468,RED,DIAMOND S,USA,158000,ABS,264.00/48.00/23.10/16.00M,,,,,HYUNDAI-B&W 6S70MC-C8,15,12. 10. 04
2250,TAQAH,OMAN SHIPPING COMPANY,OMAN,317000,LR,319.00/60.00/30.40/21.00M,,,,,HYUNDAI-WARTSILA 7RT-FLEX82T,15.5,12. 10. 15
2459,C. NOBILITY,"SK SHIPPING CO., LTD.",KOREA,320550,ABS,319.00/60.00/30.40/21.00M,,,,,HYUNDAI-WARTSILA 7RT-FLEX82T,16.1,12. 11. 05
2587,BRIGHTOIL GALAXY,BRIGHTOIL,HONG-KONG,318000,LR,319.00/60.00/30.40/21.00M,,,,,HYUNDAI-B&W 6S90ME-C8,16.4,12. 11. 26
2469,FRIO,DIAMOND S,USA,158000,ABS,264.00/48.00/23.10/16.00M,,,,,HYUNDAI-B&W 6S70MC-C8,15,12. 12. 04
2518,CARMEN KNUTSEN,KNOT,NORWAY,157000,DNV,264.76/48.00/23.10/16.00M,,,,,HYUNDAI-B&W 6S70ME-C8.2,14.5,13. 01. 02
2588,BRIGHTOIL GRACE,BRIGHTOIL,HONG-KONG,318000,LR,319.00/60.00/30.40/21.00M,,,,,HYUNDAI-B&W 6S90ME-C8,16.4,13. 01. 07
2478,ATHENIAN FREEDOM,ASC,GREECE,320000,ABS,320.50/60.00/30.40/21.00M,,,,,HYUNDAI-B&W 6S90ME-C8.2,15.7,13. 03.14
2589,BRIGHTOIL GEM,BRIGHTOIL,HONG-KONG,318000,LR,319.00/60.00/30.40/21.00M,,,,,HYUNDAI-B&W 6S90ME-C8,16.4,13. 03.18
2568,C.SPIRIT,"SK SHIPPING CO.,LTD",KOREA,321000,KR+ABS,319.00/60.00/30.40/21.00M,,,,,HYUNDAI-WARTSILA 7RT-FLEX82T,16.1,13. 04. 04
2569,C.PASSION,"SK SHIPPING CO.,LTD",KOREA,321000,ABS+KR,319.00/60.00/30.40/21.00M,,,,,HYUNDAI-WARTSILA 7RT-FLEX82T,16.1,13. 05. 31
2570,C.FREEDOM,"SK SHIPPING CO.,LTD",KOREA,321000,ABS+KR,319.00/60.00/30.40/21.00M,,,,,HYUNDAI-WARTSILA 7RT-FLEX82T,16.1,13. 07. 23
2531,HILDA KNUTSEN,KNOT,NORWAY,123000,DNV,257.59/46.00/22.70/15.00M,,,,,HYUNDAI-B&W 6S50ME-C8.1(TIER II)×2EA(TWIN SKEG),15.1,13. 08. 05
2479,CAPTAIN X. KYRIAKOU,ASC,GREECE,320000,ABS,320.50/60.00/30.40/21.00M,,,,,HYUNDAI-B&W 6S90ME-C8.2,15.7,13. 08. 22
2532,TORILL KNUTSEN,KNOT,NORWAY,123000,DNV,256.00/46.00/22.70/15.00M,,,,,HYUNDAI-B&W 6S50ME-C8.1(TIER II)×2EA(TWIN SKEG),15.1,13.11. 04
2575,INGRID KNUTSEN,KNOT,NORWAY,112000,DNV,239.00/44.00/21.50/15.00M,,,,,HYUNDAI-B&W 7S60ME-C8.2(TIER II),14.5,13. 12. 02
2667,NISSOS THERASSIA,KYKLADES,GREECE,114900,DNV,241.00/45.00/21.20/13.60M,,,,,HYUNDAI-WARTSILA 6X62,14.2,15. 01. 05
2683,DENSA CROCODILE,DENSA,TURKEY,105586,ABS,234.00/42.00/21.00/13.60M,,,,,HYUNDAI-B&W 6G60ME-C9.2,15.5,15. 02. 06
2668,NISSOS CHRISTIANA,KYKLADES,GREECE,114900,DNV,241.00/45.00/21.20/13.60M,,,,,HYUNDAI-WARTSILA 6X62,14.2,15. 04. 06
2669,NISSOS HERACLEA,KYKLADES,GREECE,114900,DNV,241.00/45.00/21.20/13.60M,,,,,HYUNDAI-WARTSILA 6X62,14.2,15. 07. 03
2670,NISSOS SCHINOUSSA,KYKLADES,GREECE,114900,DNV,241.00/45.00/21.20/13.60M,,,,,HYUNDAI-WARTSILA 6X62,14.2,15. 09. 23
2725,ANTIGONE,EURONAV,BELGIUM,299952,DNV,322.00/60.00/29.40/20.50M,,,,,HYUNDAI-WARTSILA 7X82,15,15. 09. 25
2781,DHT JAGUAR,DHT,NORWAY,299910,ABS,322.00/60.00/29.40/20.50M,,,,,,,
